create database company;
use company;
create table jobs(jobid int primary key,jobtitle varchar(20),minsalary float,maxsalary float);
insert into jobs values(12,"Manager",15000,45000),(13,"team lead",30000,60000);
select * from jobs;
create table regions(regid int primary key,regname varchar(20));
insert into regions values(13,"trivandrum"),(14,"Kannur"),(15,"Kochi");
select * from regions;
create table countries(countryid int primary key,countryname varchar(20),regid int,foreign key(regid) references regions(regid));
insert into countries values(133,"India",13),(144,"China",15);
select * from countries;
create table locations(locationid int primary key,streetadd varchar(20),postalcode varchar(20),stateprovince varchar(20),countryid int,foreign key(countryid) references  countries(countryid));
insert into locations values(156,"valley view gardens",12222,"Kerala",133),(155,"street 5 overbridge",14444,"Maharashtra",144);
create table departments(deptid int primary key,deptname varchar(20),locationid int,foreign key(locationid) references locations(locationid));
insert into departments values(544,"Accounts",156),(499,"sales",155);
select * from departments;
create table employees(empid int primary key,firstname varchar(20) ,lastname varchar(20),email varchar(80),phoneno bigint,hiredate date,jobid int,salary float,managerid int,deptid int,foreign key(jobid) references jobs(jobid),foreign key(deptid) references departments(deptid));
insert  into employees values(158,"arya","sree","aryasree@gmail.com",98327483,"2022-10-21",12,45000,888,544),(159,"fathima","Thanziya","fathimathanzi@gmail.com",9874987423,"2020-11-2",13,75000,999,499);
select * from employees;
create table dependents(dependid int primary key,firstname varchar(20),lastname varchar(20),relationship varchar(50),empid int,foreign key(empid) references employees(empid));
insert into dependents values(1,"arya","sree","client",158),(2,"fathima","Thanziya","client",159);
select * from dependents;
ALTER TABLE departments RENAME TO dept;
ALTER TABLE employees MODIFY COLUMN salary smallint;
ALTER TABLE employees ADD commission varchar(15);
